<?xml version="1.0" encoding="UTF-8"?>
<!DOCTYPE suite SYSTEM "https://testng.org/testng-1.0.dtd">
<suite name="Suite">
<listeners>
<listener class-name="testScript.ScreenShotListener"/>
<listener class-name="resources.ExtentReporterNG"/>
</listeners>

  <test thread-count="5" name="Without PaylOad">
    <classes>
      <class name="testScript.PageLoad"/>
          </classes>
  </test> <!-- Test -->
  <test thread-count="5" name="With payload">
    <classes>
      <class name="testScript.PageLoadDataProvider"/>
    </classes>
  </test> <!-- Test -->
</suite> <!-- Suite -->

