<?xml version="1.0" encoding="UTF-8"?>
<!DOCTYPE suite SYSTEM "https://testng.org/testng-1.0.dtd">
<suite name="Suite">
<listeners>
<listener class-name="testScript.ScreenShotListener"/>
<listener class-name="resources.ExtentReporterNG"/>
</listeners>
  <test thread-count="5" name="GuruTest">
  <parameter name="utilFile" value="C:\\Koushal\\workspace\\kglearn\\src\\main\\java\\resources\\data.properties"/>
    <classes>
      <!--  class name="testScript.GuruLoginTestDataxlsx"/-->
      <!--  class name="testScript.GuruLogin"/-->
      <class name="testScript.GuruLoginTestDataDB"/>
    </classes>
  </test> <!-- Test -->
</suite> <!-- Suite -->
